ticker,num_comments,comment_sentiment_average,latest_comment_date,score,upvote_ratio,date,domain,num_crossposts,author,timestamp,commentdate
LULU,49,0.16666666666666666,1535662877.0,20,0.86,1535658943.0,self.wallstreetbets,0,snackotron,2018-08-30 21:55:43,2018-08-30 23:01:17
LULU,32,0.38461538461538464,1535671335.0,80,0.93,1535478981.0,self.wallstreetbets,0,pb1217,2018-08-28 19:56:21,2018-08-31 01:22:15
LULU,25,0.18181818181818182,1537470557.0,105,0.9,1537418869.0,self.wallstreetbets,0,JPVizzle,2018-09-20 06:47:49,2018-09-20 21:09:17
SDC,31,0.6666666666666666,1538456530.0,24,0.83,1538448663.0,self.wallstreetbets,0,SDCgeeek,2018-10-02 04:51:03,2018-10-02 07:02:10
LULU,34,0.16666666666666666,1542652098.0,42,0.88,1541770921.0,self.wallstreetbets,0,lasemoco,2018-11-09 14:42:01,2018-11-19 19:28:18
LULU,31,-0.1875,1544131856.0,35,0.89,1544125914.0,self.wallstreetbets,0,kndawg,2018-12-06 20:51:54,2018-12-06 22:30:56
LULU,39,0.1111111111111111,1544207584.0,19,0.91,1544035670.0,self.wallstreetbets,0,retupmocomputer,2018-12-05 19:47:50,2018-12-07 19:33:04
LULU,32,-0.5833333333333334,1544254968.0,28,0.94,1544196722.0,self.wallstreetbets,0,e_sir,2018-12-07 16:32:02,2018-12-08 08:42:48
LULU,27,0.1,1544650676.0,23,0.89,1544622489.0,self.wallstreetbets,0,WSBConsensus,2018-12-12 14:48:09,2018-12-12 22:37:56
LULU,99,0.23404255319148937,1553717956.0,42,0.98,1544130130.0,self.wallstreetbets,0,Mattyicecream,2018-12-06 22:02:10,2019-03-27 21:19:16
LULU,23,0.45454545454545453,1560236567.0,15,0.95,1560188688.0,self.wallstreetbets,0,THEVICTIM_,2019-06-10 19:44:48,2019-06-11 09:02:47
LULU,75,0.36363636363636365,1560405637.0,29,0.89,1560370351.0,self.wallstreetbets,0,Nascar28,2019-06-12 22:12:31,2019-06-13 08:00:37
LULU,84,0.23076923076923078,1560812063.0,841,0.97,1560714294.0,self.wallstreetbets,0,dutcher6,2019-06-16 21:44:54,2019-06-18 00:54:23
LULU,26,0.3333333333333333,1563305060.0,20,0.96,1562635835.0,self.wallstreetbets,0,enronCoin,2019-07-09 03:30:35,2019-07-16 21:24:20
LULU,25,0.42857142857142855,1566515338.0,35,0.93,1566444445.0,self.wallstreetbets,0,OgDomIII,2019-08-22 05:27:25,2019-08-23 01:08:58
LULU,46,0.13333333333333333,1566838730.0,40,0.92,1566412600.0,self.wallstreetbets,0,ognickkb,2019-08-21 20:36:40,2019-08-26 18:58:50
LULU,42,0.1111111111111111,1567373337.0,19,0.88,1567279111.0,self.wallstreetbets,0,foko,2019-08-31 21:18:31,2019-09-01 23:28:57
LULU,52,0.25,1567474327.0,36,0.85,1567294574.0,self.wallstreetbets,0,dgioulakis,2019-09-01 01:36:14,2019-09-03 03:32:07
LULU,52,-0.16666666666666666,1567474773.0,27,0.88,1567327657.0,self.wallstreetbets,0,s2focus,2019-09-01 10:47:37,2019-09-03 03:39:33
LULU,12,0.2,1567643049.0,15,0.86,1567612569.0,self.wallstreetbets,0,GreatTraderOnizuka,2019-09-04 17:56:09,2019-09-05 02:24:09
LULU,94,0.14285714285714285,1567663825.0,78,0.96,1567607038.0,self.wallstreetbets,0,Airmanoops,2019-09-04 16:23:58,2019-09-05 08:10:25
LULU,257,0.12359550561797752,1567778513.0,74,0.92,1567713776.0,self.wallstreetbets,0,Not_reddits,2019-09-05 22:02:56,2019-09-06 16:01:53
LULU,60,0.18181818181818182,1567781483.0,360,0.96,1567689484.0,self.wallstreetbets,0,CarlCarbonite,2019-09-05 15:18:04,2019-09-06 16:51:23
LULU,32,-0.4166666666666667,1569494084.0,22,0.82,1569439418.0,self.wallstreetbets,0,rawrtherapy,2019-09-25 21:23:38,2019-09-26 12:34:44
CCL,30,0.14285714285714285,1570021153.0,15,0.84,1569442811.0,self.wallstreetbets,0,MECHA-STALIN9000,2019-09-25 22:20:11,2019-10-02 14:59:13
SDC,39,0.14285714285714285,1570380332.0,78,0.92,1570275571.0,self.wallstreetbets,0,nyWP,2019-10-05 13:39:31,2019-10-06 18:45:32
LULU,55,-0.13043478260869565,1570460568.0,239,0.89,1570320756.0,self.wallstreetbets,0,SVXYstinks,2019-10-06 02:12:36,2019-10-07 17:02:48
SDC,9,0.16666666666666666,1570927208.0,15,0.8,1570736161.0,self.wallstreetbets,0,username_suggestion4,2019-10-10 21:36:01,2019-10-13 02:40:08
SDC,3,-0.3333333333333333,1573266353.0,15,0.95,1568999866.0,self.wallstreetbets,0,badpauly,2019-09-20 19:17:46,2019-11-09 03:25:53
SDC,47,0.2222222222222222,1573668830.0,52,0.93,1573655234.0,self.wallstreetbets,0,WSBConsensus,2019-11-13 15:27:14,2019-11-13 19:13:50
LULU,12,0.3333333333333333,1573834483.0,8,0.72,1573770066.0,self.wallstreetbets,0,lost_packet_,2019-11-14 23:21:06,2019-11-15 17:14:43
SDC,86,0.5,1574284723.0,68,0.89,1574218161.0,self.wallstreetbets,0,BEASEx,2019-11-20 03:49:21,2019-11-20 22:18:43
LULU,10,0.125,1574638071.0,16,0.86,1574495961.0,self.wallstreetbets,0,cuinlumby,2019-11-23 08:59:21,2019-11-25 00:27:51
LULU,43,-0.2727272727272727,1575404127.0,48,0.99,1574876675.0,self.wallstreetbets,0,blaked_baller,2019-11-27 18:44:35,2019-12-03 21:15:27
LULU,20,0.125,1575498600.0,40,0.84,1575480995.0,self.wallstreetbets,0,Ponypoops,2019-12-04 18:36:35,2019-12-04 23:30:00
LULU,23,0.16666666666666666,1575750250.0,75,0.91,1574095943.0,self.wallstreetbets,0,Ponypoops,2019-11-18 17:52:23,2019-12-07 21:24:10
LULU,36,0.375,1575933190.0,3,0.6,1575909209.0,self.wallstreetbets,0,optionsthatlose,2019-12-09 17:33:29,2019-12-10 00:13:10
LULU,22,0.125,1576094359.0,14,1.0,1576031193.0,self.wallstreetbets,0,tombom66,2019-12-11 03:26:33,2019-12-11 20:59:19
LULU,24,-0.2727272727272727,1576103369.0,112,0.95,1575752073.0,self.wallstreetbets,0,blankpoles,2019-12-07 21:54:33,2019-12-11 23:29:29
LULU,378,0.2459016393442623,1576175675.0,146,0.98,1576097214.0,self.wallstreetbets,0,kmung,2019-12-11 21:46:54,2019-12-12 19:34:35
LULU,89,-0.16279069767441862,1576267712.0,150,0.94,1576195472.0,self.wallstreetbets,0,Jburd6523,2019-12-13 01:04:32,2019-12-13 21:08:32
LULU,17,0.75,1576625794.0,8,0.83,1576617194.0,self.wallstreetbets,0,wins22x,2019-12-17 22:13:14,2019-12-18 00:36:34
LULU,58,0.16666666666666666,1576770770.0,22,0.82,1576707515.0,self.wallstreetbets,0,nubeboob,2019-12-18 23:18:35,2019-12-19 16:52:50
LULU,46,0.16666666666666666,1577547417.0,132,0.97,1577461936.0,self.wallstreetbets,0,OldTrillionaire,2019-12-27 16:52:16,2019-12-28 16:36:57
SDC,16,-0.14285714285714285,1578590239.0,11,0.8,1578578475.0,self.wallstreetbets,0,121518nine,2020-01-09 15:01:15,2020-01-09 18:17:19
SDC,7,0.16666666666666666,1579144538.0,3,0.59,1579105571.0,self.wallstreetbets,0,lol-da-mar-s-cool,2020-01-15 17:26:11,2020-01-16 04:15:38
SDC,17,-0.45454545454545453,1579181131.0,17,0.81,1579144340.0,self.wallstreetbets,0,anonyuse,2020-01-16 04:12:20,2020-01-16 14:25:31
SDC,26,-0.23529411764705882,1579369709.0,2,0.53,1579303684.0,self.wallstreetbets,0,AllAboutTheDrip,2020-01-18 00:28:04,2020-01-18 18:48:29
SDC,16,-0.2,1579874242.0,17,0.91,1579620494.0,self.wallstreetbets,0,cdiamand,2020-01-21 16:28:14,2020-01-24 14:57:22
CCL,4,0.75,1580751699.0,6,0.8,1580733094.0,self.wallstreetbets,0,DefiniteMayb3,2020-02-03 13:31:34,2020-02-03 18:41:39
SDC,3,0.3333333333333333,1581390510.0,8,0.9,1580747794.0,self.wallstreetbets,0,LordChirpalot,2020-02-03 17:36:34,2020-02-11 04:08:30
SDC,28,0.15789473684210525,1581690758.0,66,0.89,1581687119.0,self.wallstreetbets,0,bigbear0083,2020-02-14 14:31:59,2020-02-14 15:32:38
SDC,22,-0.1111111111111111,1582047528.0,9,0.74,1581897799.0,self.wallstreetbets,0,DerianV,2020-02-17 01:03:19,2020-02-18 18:38:48
SPCE,285,0.04807692307692308,1582153719.0,663,0.94,1582062782.0,self.wallstreetbets,0,slkerlin,2020-02-18 22:53:02,2020-02-20 00:08:39
SDC,31,-0.2727272727272727,1582212711.0,8,0.84,1582142382.0,self.wallstreetbets,0,Lurkthedoor,2020-02-19 20:59:42,2020-02-20 16:31:51
LULU,48,-0.043478260869565216,1582257072.0,21,0.71,1582232052.0,self.wallstreetbets,0,2fish24,2020-02-20 21:54:12,2020-02-21 04:51:12
SDC,34,0.06666666666666667,1582418465.0,46,0.86,1582385634.0,self.wallstreetbets,0,bigbear0083,2020-02-22 16:33:54,2020-02-23 01:41:05
SDC,319,0.05844155844155844,1582752503.0,257,0.91,1582068023.0,self.wallstreetbets,0,AssPowers,2020-02-19 00:20:23,2020-02-26 22:28:23
CCL,41,0.23076923076923078,1582837156.0,31,0.97,1582833549.0,self.wallstreetbets,0,bobbythebich,2020-02-27 20:59:09,2020-02-27 21:59:16
CCL,22,-0.8181818181818182,1582908511.0,24,0.85,1582843265.0,self.wallstreetbets,0,swaggymedia,2020-02-27 23:41:05,2020-02-28 17:48:31
CCL,98,-0.25806451612903225,1583009229.0,196,0.96,1582854788.0,self.wallstreetbets,0,Nemesisgif,2020-02-28 02:53:08,2020-02-29 21:47:09
CCL,80,-0.22727272727272727,1583009241.0,55,0.99,1582822434.0,self.wallstreetbets,0,NOMOREREFUGEES,2020-02-27 17:53:54,2020-02-29 21:47:21
CCL,47,0.4,1583009253.0,32,0.86,1582759727.0,self.wallstreetbets,0,AncientMight,2020-02-27 00:28:47,2020-02-29 21:47:33
CCL,41,0.07142857142857142,1583099922.0,39,0.91,1583036925.0,self.wallstreetbets,0,blindgraysquirrel,2020-03-01 05:28:45,2020-03-01 22:58:42
CCL,12,-0.16666666666666666,1583440764.0,26,0.93,1583436890.0,self.wallstreetbets,0,bobbythebich,2020-03-05 20:34:50,2020-03-05 21:39:24
CCL,35,-0.11764705882352941,1583526487.0,39,0.93,1583516463.0,self.wallstreetbets,0,IDGAFSIGH,2020-03-06 18:41:03,2020-03-06 21:28:07
CCL,32,0.2,1583719419.0,34,0.84,1583710060.0,self.wallstreetbets,0,catsmeow492,2020-03-09 00:27:40,2020-03-09 03:03:39
CCL,49,-0.08695652173913043,1583728999.0,65,0.78,1583720856.0,self.wallstreetbets,0,No_Juan_4_You,2020-03-09 03:27:36,2020-03-09 05:43:19
CCL,104,0.12121212121212122,1583815428.0,585,0.92,1583769080.0,self.wallstreetbets,0,waltwhitman83,2020-03-09 16:51:20,2020-03-10 05:43:48
LULU,23,-0.375,1584125788.0,63,0.88,1584110430.0,self.wallstreetbets,0,Gringo_Please,2020-03-13 15:40:30,2020-03-13 19:56:28
CCL,27,-0.36363636363636365,1584553266.0,26,0.82,1584536693.0,self.wallstreetbets,0,jtibble,2020-03-18 14:04:53,2020-03-18 18:41:06
CCL,23,-0.07692307692307693,1584555345.0,6,0.75,1581985357.0,self.wallstreetbets,0,sushimoney,2020-02-18 01:22:37,2020-03-18 19:15:45
CCL,13,-0.14285714285714285,1584577821.0,32,0.97,1584563007.0,self.wallstreetbets,0,bobbythebich,2020-03-18 21:23:27,2020-03-19 01:30:21
CCL,22,-0.25,1584640691.0,24,0.87,1584639573.0,self.wallstreetbets,0,KingWooz,2020-03-19 18:39:33,2020-03-19 18:58:11
SDC,47,-0.3333333333333333,1584644118.0,29,0.91,1584631152.0,self.wallstreetbets,0,Drogori,2020-03-19 16:19:12,2020-03-19 19:55:18
CCL,63,-0.125,1585200952.0,104,0.96,1584276816.0,self.wallstreetbets,0,TheAgent2,2020-03-15 13:53:36,2020-03-26 06:35:52
SDC,44,-0.15,1585318360.0,176,0.94,1585313015.0,self.wallstreetbets,0,bigbear0083,2020-03-27 13:43:35,2020-03-27 15:12:40
SDC,17,-0.25,1585335342.0,9,0.84,1585244635.0,self.wallstreetbets,0,kaypasta,2020-03-26 18:43:55,2020-03-27 19:55:42
CCL,55,-0.045454545454545456,1585337085.0,59,0.9,1585320457.0,self.wallstreetbets,0,1ceyou,2020-03-27 15:47:37,2020-03-27 20:24:45
LULU,40,0.3333333333333333,1585590404.0,26,0.84,1585570743.0,self.wallstreetbets,0,hightide2020,2020-03-30 14:19:03,2020-03-30 19:46:44
CCL,52,0.22727272727272727,1585680451.0,61,0.89,1585664571.0,self.wallstreetbets,0,midnghtdrgn,2020-03-31 16:22:51,2020-03-31 20:47:31
CCL,51,-0.10526315789473684,1585787455.0,21,0.79,1585771952.0,self.wallstreetbets,0,HairBones69,2020-04-01 22:12:32,2020-04-02 02:30:55
CCL,40,0.625,1585792826.0,43,0.88,1585772076.0,self.wallstreetbets,0,bobbythebich,2020-04-01 22:14:36,2020-04-02 04:00:26
CCL,31,0.5,1586181915.0,14,0.75,1585837420.0,self.wallstreetbets,0,Particular-Wedding,2020-04-02 16:23:40,2020-04-06 16:05:15
CCL,56,0.04,1586215958.0,55,0.92,1586188590.0,self.wallstreetbets,0,kennygconspiracy,2020-04-06 17:56:30,2020-04-07 01:32:38
CCL,72,0.03225806451612903,1586232988.0,90,0.9,1586182841.0,self.wallstreetbets,0,0_life_1_man,2020-04-06 16:20:41,2020-04-07 06:16:28
CCL,78,0.10714285714285714,1586274047.0,80,0.86,1586236173.0,self.wallstreetbets,0,IronTulip,2020-04-07 07:09:33,2020-04-07 17:40:47
CCL,176,-0.014285714285714285,1586364225.0,724,0.97,1586286346.0,self.wallstreetbets,0,tendeeznuts,2020-04-07 21:05:46,2020-04-08 18:43:45
CCL,23,-0.08333333333333333,1586367412.0,16,0.85,1586360986.0,self.wallstreetbets,0,steven8696,2020-04-08 17:49:46,2020-04-08 19:36:52
LULU,225,-0.06060606060606061,1587135211.0,266,0.95,1585152224.0,self.wallstreetbets,0,AppTB,2020-03-25 17:03:44,2020-04-17 16:53:31
CCL,42,0.1,1587890190.0,5,0.63,1587846129.0,self.wallstreetbets,0,zhouyu24,2020-04-25 22:22:09,2020-04-26 10:36:30
SDC,13,-0.3333333333333333,1588208258.0,30,0.92,1588194830.0,self.wallstreetbets,0,MalOuija,2020-04-29 23:13:50,2020-04-30 02:57:38
CCL,125,0.16129032258064516,1588219646.0,110,0.93,1585804864.0,self.wallstreetbets,0,asingl,2020-04-02 07:21:04,2020-04-30 06:07:26
SDC,5,-0.25,1588797495.0,16,0.9,1588785367.0,self.wallstreetbets,0,Critter0527,2020-05-06 19:16:07,2020-05-06 22:38:15
CCL,45,0.15789473684210525,1589048518.0,35,0.85,1588753801.0,self.wallstreetbets,0,MichaelAndJelloBoi,2020-05-06 10:30:01,2020-05-09 20:21:58
SDC,39,0.4,1589071359.0,10,0.81,1588896362.0,self.wallstreetbets,0,vancitydani,2020-05-08 02:06:02,2020-05-10 02:42:39
SDC,22,0.5,1589128140.0,161,0.97,1589054760.0,self.wallstreetbets,0,bigbear0083,2020-05-09 22:06:00,2020-05-10 18:29:00
SDC,17,0.2,1589244370.0,4,0.64,1589226438.0,self.wallstreetbets,0,austrobo14,2020-05-11 21:47:18,2020-05-12 02:46:10
CCL,52,-0.045454545454545456,1589247032.0,102,0.92,1580392446.0,self.wallstreetbets,0,MrMcIrish,2020-01-30 14:54:06,2020-05-12 03:30:32
SDC,23,0.5384615384615384,1589297481.0,18,0.84,1588872532.0,self.wallstreetbets,1,SenBaka,2020-05-07 19:28:52,2020-05-12 17:31:21
SDC,34,0.21428571428571427,1589306207.0,3,0.6,1589289355.0,self.wallstreetbets,0,kinglax,2020-05-12 15:15:55,2020-05-12 19:56:47
SDC,189,0.25925925925925924,1589313232.0,199,0.89,1588867566.0,self.wallstreetbets,1,AveenoFresh,2020-05-07 18:06:06,2020-05-12 21:53:52
SDC,26,-0.4,1589408680.0,21,0.8,1589381472.0,self.wallstreetbets,0,allbriskets,2020-05-13 16:51:12,2020-05-14 00:24:40
SDC,124,0.325,1589414228.0,94,0.94,1589211736.0,self.wallstreetbets,0,expander2,2020-05-11 17:42:16,2020-05-14 01:57:08
SDC,32,0.23076923076923078,1589460585.0,15,0.89,1589401496.0,self.wallstreetbets,0,patrickbateman02,2020-05-13 22:24:56,2020-05-14 14:49:45
SDC,91,-0.09523809523809523,1589482308.0,71,0.73,1589315384.0,self.wallstreetbets,0,kinglax,2020-05-12 22:29:44,2020-05-14 20:51:48
SDC,84,0.3,1589636597.0,28,0.86,1589205094.0,self.wallstreetbets,0,jaguarpawww,2020-05-11 15:51:34,2020-05-16 15:43:17
SDC,34,0.46153846153846156,1589810052.0,204,0.96,1589669744.0,self.wallstreetbets,8,imattractedtodcfs,2020-05-17 00:55:44,2020-05-18 15:54:12
SDC,22,0.5,1589838581.0,12,0.75,1576540410.0,self.wallstreetbets,0,cautiouslego,2019-12-17 00:53:30,2020-05-18 23:49:41
CCL,55,-0.1,1589873758.0,22,0.8,1589475385.0,self.wallstreetbets,0,gordongekkobb,2020-05-14 18:56:25,2020-05-19 09:35:58
SDC,125,0.10256410256410256,1589891186.0,1684,0.97,1589385499.0,self.wallstreetbets,0,Saerithrael,2020-05-13 17:58:19,2020-05-19 14:26:26
SDC,12,0.1,1589948394.0,30,0.83,1589925174.0,self.wallstreetbets,0,MalOuija,2020-05-19 23:52:54,2020-05-20 06:19:54
SDC,94,0.15384615384615385,1589995071.0,32,0.7,1589891283.0,self.wallstreetbets,0,PocahontasandGorilla,2020-05-19 14:28:03,2020-05-20 19:17:51
SDC,16,0.6363636363636364,1590011198.0,20,0.79,1589833307.0,self.wallstreetbets,1,TransSpeciesDog,2020-05-18 22:21:47,2020-05-20 23:46:38
LULU,4,0.5,1590607359.0,3,0.8,1590603422.0,self.wallstreetbets,0,Amerlis,2020-05-27 20:17:02,2020-05-27 21:22:39
LULU,17,0.8,1590775767.0,4,0.64,1590515885.0,self.wallstreetbets,0,Enexy,2020-05-26 19:58:05,2020-05-29 20:09:27
LULU,29,0.14285714285714285,1590804592.0,38,0.87,1584493379.0,self.wallstreetbets,0,Thetimei,2020-03-18 02:02:59,2020-05-30 04:09:52
SDC,189,0.1891891891891892,1590943354.0,294,0.94,1588960459.0,self.wallstreetbets,2,expander2,2020-05-08 19:54:19,2020-05-31 18:42:34
SDC,28,0.07692307692307693,1591032713.0,0,0.5,1590640303.0,self.wallstreetbets,0,Bernj5663,2020-05-28 06:31:43,2020-06-01 19:31:53
SDC,16,0.6,1591046816.0,11,0.81,1590586614.0,self.wallstreetbets,0,PocahontasandGorilla,2020-05-27 15:36:54,2020-06-01 23:26:56
LULU,235,0.15492957746478872,1591058218.0,61,0.92,1590788245.0,self.wallstreetbets,0,_ddeeezzzz,2020-05-29 23:37:25,2020-06-02 02:36:58
LULU,41,0.1724137931034483,1591180059.0,31,0.88,1591069711.0,self.wallstreetbets,0,isap66,2020-06-02 05:48:31,2020-06-03 12:27:39
LULU,90,0.13333333333333333,1591310229.0,44,0.86,1591194523.0,self.wallstreetbets,0,Jkredditagain,2020-06-03 16:28:43,2020-06-05 00:37:09
CCL,69,0.32142857142857145,1591355019.0,28,0.79,1587015786.0,self.wallstreetbets,1,Naffdit,2020-04-16 07:43:06,2020-06-05 13:03:39
CCL,60,0.13043478260869565,1591434303.0,114,0.96,1591372108.0,self.wallstreetbets,0,nvllivs_in_verba,2020-06-05 17:48:28,2020-06-06 11:05:03
SDC,441,0.14893617021276595,1591625939.0,323,0.92,1589306736.0,self.wallstreetbets,1,AveenoFresh,2020-05-12 20:05:36,2020-06-08 16:18:59
CCL,256,0.32432432432432434,1591662998.0,638,0.98,1591389398.0,self.wallstreetbets,0,wallstreetbust,2020-06-05 22:36:38,2020-06-09 02:36:38
LULU,94,0.034482758620689655,1591768008.0,124,0.9,1591323980.0,self.wallstreetbets,1,lurkingsince2006,2020-06-05 04:26:20,2020-06-10 07:46:48
CCL,51,0.030303030303030304,1591851485.0,17,0.9,1591830951.0,self.wallstreetbets,0,ChroniclesX0,2020-06-11 01:15:51,2020-06-11 06:58:05
LULU,51,0.16666666666666666,1591930301.0,1,0.51,1590261820.0,self.wallstreetbets,0,itsnotshade,2020-05-23 21:23:40,2020-06-12 04:51:41
CCL,22,0.08333333333333333,1592008621.0,9,0.74,1591992327.0,self.wallstreetbets,0,kinmin3,2020-06-12 22:05:27,2020-06-13 02:37:01
CCL,45,0.030303030303030304,1592534164.0,0,0.5,1592441520.0,self.wallstreetbets,0,-Super-Mario-Galaxy-,2020-06-18 02:52:00,2020-06-19 04:36:04
CCL,64,-0.023809523809523808,1593119603.0,25,0.83,1592803622.0,self.wallstreetbets,0,cuki321,2020-06-22 07:27:02,2020-06-25 23:13:23
SPCE,58,0.3,1593137820.0,61,0.93,1593108593.0,self.wallstreetbets,0,BassTherapy,2020-06-25 20:09:53,2020-06-26 04:17:00
CCL,83,0.07692307692307693,1593431990.0,0,0.37,1587910692.0,self.wallstreetbets,0,SpecuHater,2020-04-26 16:18:12,2020-06-29 13:59:50
LULU,64,0.3103448275862069,1593462343.0,49,0.87,1589855826.0,self.wallstreetbets,0,Neptonrs,2020-05-19 04:37:06,2020-06-29 22:25:43
CCL,48,-0.045454545454545456,1593482420.0,35,0.8,1592848308.0,self.wallstreetbets,0,SniperzInc,2020-06-22 19:51:48,2020-06-30 04:00:20
LULU,74,-0.09523809523809523,1593551711.0,138,0.95,1593477319.0,self.wallstreetbets,1,69deadlifts,2020-06-30 02:35:19,2020-06-30 23:15:11
LULU,12,0.25,1593637830.0,21,0.81,1593626683.0,self.wallstreetbets,0,abesta11,2020-07-01 20:04:43,2020-07-01 23:10:30
LULU,8,0.2,1593741600.0,5,0.73,1593705567.0,self.wallstreetbets,0,amplepath1,2020-07-02 17:59:27,2020-07-03 04:00:00
CCL,55,-0.07142857142857142,1594256161.0,23,0.79,1593820620.0,self.wallstreetbets,0,CJMRS,2020-07-04 01:57:00,2020-07-09 02:56:01
SPCE,60,0.16666666666666666,1594330019.0,117,0.91,1594042692.0,self.wallstreetbets,0,patisme252,2020-07-06 15:38:12,2020-07-09 23:26:59
CCL,29,0.14285714285714285,1594608733.0,9,0.77,1594342549.0,self.wallstreetbets,0,EasilyPeasily,2020-07-10 02:55:49,2020-07-13 04:52:13
SPCE,20,0.14285714285714285,1594781506.0,20,0.73,1594735547.0,self.wallstreetbets,0,RoyalBic,2020-07-14 16:05:47,2020-07-15 04:51:46
SPCE,50,0.4117647058823529,1594992780.0,46,0.92,1594941291.0,self.wallstreetbets,0,JoshKosh55,2020-07-17 01:14:51,2020-07-17 15:33:00
SPCE,83,-0.1,1595052797.0,55,0.75,1594531386.0,self.wallstreetbets,1,iannoyubadly,2020-07-12 07:23:06,2020-07-18 08:13:17
SPCE,26,-0.09090909090909091,1595478783.0,82,0.89,1595343273.0,self.wallstreetbets,0,crumch-mumch,2020-07-21 16:54:33,2020-07-23 06:33:03
SPCE,72,0.2857142857142857,1595956866.0,83,0.83,1595792040.0,self.wallstreetbets,0,Titan04151912,2020-07-26 21:34:00,2020-07-28 19:21:06
SPCE,56,-0.15789473684210525,1595965457.0,84,0.9,1595867198.0,self.wallstreetbets,0,Noob_Noodles,2020-07-27 18:26:38,2020-07-28 21:44:17
LULU,38,0.35714285714285715,1596333234.0,33,0.89,1596231969.0,self.wallstreetbets,0,FinalDevice,2020-07-31 23:46:09,2020-08-02 03:53:54
LULU,107,0.25,1596576889.0,81,0.84,1588045214.0,self.wallstreetbets,0,marcusae313,2020-04-28 05:40:14,2020-08-04 23:34:49
SDC,139,0.2631578947368421,1596745188.0,142,0.96,1589905633.0,self.wallstreetbets,1,AveenoFresh,2020-05-19 18:27:13,2020-08-06 22:19:48
LULU,24,0.2857142857142857,1596793863.0,38,0.84,1596767792.0,self.wallstreetbets,0,GentrifiedStake,2020-08-07 04:36:32,2020-08-07 11:51:03
CCL,32,0.06666666666666667,1596863713.0,22,0.83,1596565180.0,self.wallstreetbets,0,Lordminigunf,2020-08-04 20:19:40,2020-08-08 07:15:13
SPCE,33,0.1,1597098498.0,22,0.88,1596918656.0,self.wallstreetbets,0,justinclark98,2020-08-08 22:30:56,2020-08-11 00:28:18
LULU,60,-0.08695652173913043,1597358866.0,66,0.89,1597322983.0,self.wallstreetbets,0,HTleo,2020-08-13 14:49:43,2020-08-14 00:47:46
SPCE,27,0.15384615384615385,1597808486.0,39,0.86,1597758364.0,self.wallstreetbets,0,justinclark98,2020-08-18 15:46:04,2020-08-19 05:41:26
CCL,12,-0.4,1597873550.0,8,0.79,1597865540.0,self.wallstreetbets,0,zouxlol,2020-08-19 21:32:20,2020-08-19 23:45:50
SPCE,51,0.2916666666666667,1597953218.0,11,0.65,1597806802.0,self.wallstreetbets,0,exliberallibertarian,2020-08-19 05:13:22,2020-08-20 21:53:38
LULU,423,0.13793103448275862,1598451966.0,90,0.96,1598352002.0,self.wallstreetbets,0,MotorizedDoucheCanoe,2020-08-25 12:40:02,2020-08-26 16:26:06
SPCE,38,-0.11764705882352941,1599008656.0,41,0.89,1598467673.0,self.wallstreetbets,0,joey_tv_show,2020-08-26 20:47:53,2020-09-02 03:04:16
LULU,7,-0.4,1599070563.0,12,0.88,1599031625.0,self.wallstreetbets,0,50cent69,2020-09-02 09:27:05,2020-09-02 20:16:03
LULU,45,0.3333333333333333,1599095688.0,37,0.8,1598587782.0,self.wallstreetbets,0,expsenive_trashbag,2020-08-28 06:09:42,2020-09-03 03:14:48
LULU,38,0.4090909090909091,1599133529.0,99,0.96,1599052800.0,self.wallstreetbets,0,ThislsMyAccount22,2020-09-02 15:20:00,2020-09-03 13:45:29
SDC,17,-0.25,1599143052.0,3,0.58,1599061944.0,self.wallstreetbets,0,maq1679,2020-09-02 17:52:24,2020-09-03 16:24:12
SDC,59,0.1111111111111111,1599174709.0,21,0.84,1599100499.0,self.wallstreetbets,0,PocahontasandGorilla,2020-09-03 04:34:59,2020-09-04 01:11:49
LULU,14,-0.125,1599258735.0,11,0.77,1599251440.0,self.wallstreetbets,0,dudeitsadell,2020-09-04 22:30:40,2020-09-05 00:32:15
SDC,158,0.1724137931034483,1599510119.0,130,0.85,1589073401.0,self.wallstreetbets,1,mlam646,2020-05-10 03:16:41,2020-09-07 22:21:59
LULU,40,-0.047619047619047616,1599585602.0,79,0.9,1599503156.0,self.wallstreetbets,0,jaymethree,2020-09-07 20:25:56,2020-09-08 19:20:02
LULU,54,0.22727272727272727,1599586824.0,42,0.83,1599505950.0,self.wallstreetbets,0,Saud_89,2020-09-07 21:12:30,2020-09-08 19:40:24
SPCE,21,-0.09090909090909091,1599615757.0,4,0.57,1599605077.0,self.wallstreetbets,0,ITZxxGODZILLAxx,2020-09-09 00:44:37,2020-09-09 03:42:37
LULU,12,-0.16666666666666666,1599688650.0,0,0.43,1599673247.0,self.wallstreetbets,0,dpkdpkdpkdpk,2020-09-09 19:40:47,2020-09-09 23:57:30
SPCE,15,-0.3,1599855027.0,19,0.89,1599708171.0,self.wallstreetbets,0,M1st3r5,2020-09-10 05:22:51,2020-09-11 22:10:27
CCL,81,0.15217391304347827,1600069823.0,327,0.98,1599912027.0,self.wallstreetbets,0,bigbear0083,2020-09-12 14:00:27,2020-09-14 09:50:23
LULU,85,0.12,1600123961.0,129,0.88,1598824692.0,self.wallstreetbets,0,adamus-victus,2020-08-30 23:58:12,2020-09-15 00:52:41
LULU,54,-0.14285714285714285,1600191742.0,154,0.98,1600159144.0,self.wallstreetbets,0,andyssss,2020-09-15 10:39:04,2020-09-15 19:42:22
SPCE,27,0.3125,1600227450.0,34,0.87,1599285265.0,self.wallstreetbets,0,optionseller,2020-09-05 07:54:25,2020-09-16 05:37:30
CCL,11,-0.125,1600235162.0,2,0.67,1599181539.0,self.wallstreetbets,0,Dat_Speed,2020-09-04 03:05:39,2020-09-16 07:46:02
LULU,15,0.4,1600346454.0,8,0.64,1600316239.0,self.wallstreetbets,0,n351320447,2020-09-17 06:17:19,2020-09-17 14:40:54
SPCE,38,0.15789473684210525,1600445953.0,36,0.87,1600397960.0,self.wallstreetbets,0,joey_tv_show,2020-09-18 04:59:20,2020-09-18 18:19:13
LULU,26,-0.16666666666666666,1600873400.0,22,0.91,1600839093.0,self.wallstreetbets,0,gingy187,2020-09-23 07:31:33,2020-09-23 17:03:20
LULU,27,-0.4166666666666667,1600997125.0,25,0.86,1600825151.0,self.wallstreetbets,0,chasing_birdies,2020-09-23 03:39:11,2020-09-25 03:25:25
LULU,24,0.25,1601128246.0,32,0.89,1601083950.0,self.wallstreetbets,0,ThetaGangFeedsMyFam,2020-09-26 03:32:30,2020-09-26 15:50:46
SPCE,33,0.2857142857142857,1601367498.0,16,0.81,1601087538.0,self.wallstreetbets,0,pierredelecto1,2020-09-26 04:32:18,2020-09-29 10:18:18
CCL,19,0.36363636363636365,1601411894.0,10,0.78,1601329963.0,self.wallstreetbets,0,anotherexstnslcrisis,2020-09-28 23:52:43,2020-09-29 22:38:14
CCL,22,0.08333333333333333,1601411962.0,6,0.69,1601347465.0,self.wallstreetbets,0,SoyGone,2020-09-29 04:44:25,2020-09-29 22:39:22
SPCE,46,0.11764705882352941,1601422125.0,62,0.88,1600885023.0,self.wallstreetbets,0,Mystical_Playz,2020-09-23 20:17:03,2020-09-30 01:28:45
CCL,117,-0.047619047619047616,1601457792.0,111,0.98,1601302860.0,self.wallstreetbets,0,dummyinasuit,2020-09-28 16:21:00,2020-09-30 11:23:12
SPCE,65,-0.030303030303030304,1601488254.0,18,0.73,1601331911.0,self.wallstreetbets,0,Rooty9,2020-09-29 00:25:11,2020-09-30 19:50:54
SPCE,16,-0.2,1601489760.0,3,0.59,1601417030.0,self.wallstreetbets,0,Rooty9,2020-09-30 00:03:50,2020-09-30 20:16:00
SPCE,45,0.03225806451612903,1601499943.0,47,0.82,1601319045.0,self.wallstreetbets,0,Mystical_Playz,2020-09-28 20:50:45,2020-09-30 23:05:43
SPCE,19,-0.07692307692307693,1601590334.0,3,0.58,1601403734.0,self.wallstreetbets,0,kdekleva,2020-09-29 20:22:14,2020-10-02 00:12:14
CCL,114,0.32432432432432434,1601610161.0,144,0.93,1601405684.0,self.wallstreetbets,0,LookAtMyWeenus,2020-09-29 20:54:44,2020-10-02 05:42:41
LULU,28,0.07142857142857142,1601882064.0,53,0.88,1601763483.0,self.wallstreetbets,0,tmssqtch,2020-10-04 00:18:03,2020-10-05 09:14:24
CCL,11,-0.2857142857142857,1601925022.0,8,0.73,1600878986.0,self.wallstreetbets,0,Horror_Magician888,2020-09-23 18:36:26,2020-10-05 21:10:22
CCL,97,-0.023809523809523808,1601936662.0,168,0.84,1601796997.0,self.wallstreetbets,0,Marinara_,2020-10-04 09:36:37,2020-10-06 00:24:22
SPCE,44,0.23809523809523808,1601949811.0,51,0.8,1601556439.0,self.wallstreetbets,0,sisinana,2020-10-01 14:47:19,2020-10-06 04:03:31
SPCE,15,0.2857142857142857,1601963193.0,14,0.83,1601954343.0,self.wallstreetbets,0,johnsonavich,2020-10-06 05:19:03,2020-10-06 07:46:33
SPCE,62,-0.14285714285714285,1601969026.0,23,0.77,1601904766.0,self.wallstreetbets,1,sisinana,2020-10-05 15:32:46,2020-10-06 09:23:46
CCL,207,0.20930232558139536,1602212001.0,63,0.88,1600542660.0,self.wallstreetbets,0,v-shizzle,2020-09-19 21:11:00,2020-10-09 04:53:21
SPCE,25,0.25,1602294741.0,13,0.81,1602190749.0,self.wallstreetbets,0,sweetsweettendies,2020-10-08 22:59:09,2020-10-10 03:52:21
SPCE,14,0.5,1602348927.0,32,0.83,1602001188.0,self.wallstreetbets,0,optionseller,2020-10-06 18:19:48,2020-10-10 18:55:27
SPCE,32,0.4090909090909091,1602558356.0,27,0.86,1601620261.0,self.wallstreetbets,0,FIREWithCrypto,2020-10-02 08:31:01,2020-10-13 05:05:56
LULU,59,0.2,1602610647.0,42,0.83,1602513085.0,self.wallstreetbets,0,InfiniteAccuracy,2020-10-12 16:31:25,2020-10-13 19:37:27
CCL,87,0.4482758620689655,1602683475.0,579,0.99,1602617181.0,self.wallstreetbets,0,myke_oxbig45,2020-10-13 21:26:21,2020-10-14 15:51:15
SPCE,24,0.45454545454545453,1602794827.0,18,0.76,1602688914.0,self.wallstreetbets,0,moneyprintergoesbrrr,2020-10-14 17:21:54,2020-10-15 22:47:07
SPCE,15,0.25,1602884071.0,20,0.9,1601669787.0,self.wallstreetbets,0,optionseller,2020-10-02 22:16:27,2020-10-16 23:34:31
CCL,20,-0.14285714285714285,1602898892.0,15,0.84,1602866150.0,self.wallstreetbets,0,Mzluce21,2020-10-16 18:35:50,2020-10-17 03:41:32
LULU,60,0.18181818181818182,1603103370.0,654,0.93,1602515653.0,self.wallstreetbets,0,ChampKD321,2020-10-12 17:14:13,2020-10-19 12:29:30
CCL,90,0.17647058823529413,1603125773.0,0,0.4,1603042820.0,self.wallstreetbets,0,Mzluce21,2020-10-18 19:40:20,2020-10-19 18:42:53
SPCE,24,0.3333333333333333,1603266315.0,12,0.87,1599322093.0,self.wallstreetbets,0,rexmakesbeats,2020-09-05 18:08:13,2020-10-21 09:45:15
SPCE,5,-0.2,1603303171.0,6,0.68,1603302007.0,self.wallstreetbets,0,pepe-le-btch,2020-10-21 19:40:07,2020-10-21 19:59:31
SPCE,7,0.25,1603383904.0,0,0.42,1603377858.0,self.wallstreetbets,0,Sciglide,2020-10-22 16:44:18,2020-10-22 18:25:04
LULU,26,0.16666666666666666,1603392221.0,12,0.75,1602820625.0,self.wallstreetbets,0,Stonks134,2020-10-16 05:57:05,2020-10-22 20:43:41
SDC,14,-0.1111111111111111,1603413893.0,2,0.63,1603378486.0,self.wallstreetbets,0,phil6298,2020-10-22 16:54:46,2020-10-23 02:44:53
SDC,7,0.5,1603422757.0,2,0.63,1603398390.0,self.wallstreetbets,0,ked89,2020-10-22 22:26:30,2020-10-23 05:12:37
SPCE,18,0.375,1603428230.0,30,0.85,1603377259.0,self.wallstreetbets,0,The_Greyscale,2020-10-22 16:34:19,2020-10-23 06:43:50
SDC,29,-0.21428571428571427,1603941127.0,15,0.83,1603658385.0,self.wallstreetbets,0,hrifandi,2020-10-25 21:39:45,2020-10-29 04:12:07
SPCE,45,0.16666666666666666,1604163912.0,26,0.83,1604003214.0,self.wallstreetbets,0,broman500000,2020-10-29 21:26:54,2020-10-31 18:05:12
CCL,39,0.47058823529411764,1604174685.0,23,0.91,1602602901.0,self.wallstreetbets,0,water_boat,2020-10-13 17:28:21,2020-10-31 21:04:45
SPCE,14,-0.3333333333333333,1604265704.0,17,0.8,1604075485.0,self.wallstreetbets,2,iWillAnnoyYouBadly,2020-10-30 17:31:25,2020-11-01 22:21:44
SDC,17,0.18181818181818182,1604323602.0,9,0.7,1604151861.0,self.wallstreetbets,0,alphabluepiller,2020-10-31 14:44:21,2020-11-02 14:26:42
SPCE,5,-0.4,1604601342.0,2,0.75,1604584069.0,self.wallstreetbets,0,broman500000,2020-11-05 14:47:49,2020-11-05 19:35:42
SPCE,304,0.18072289156626506,1604616118.0,372,0.96,1594513953.0,self.wallstreetbets,3,rblayzor,2020-07-12 02:32:33,2020-11-05 23:41:58
SPCE,8,-0.14285714285714285,1604686533.0,9,0.7,1604593566.0,self.wallstreetbets,0,BrooklynzKilla,2020-11-05 17:26:06,2020-11-06 19:15:33
CCL,50,-0.0625,1604929282.0,51,0.86,1604373219.0,self.wallstreetbets,0,SilbergleitJunior,2020-11-03 04:13:39,2020-11-09 14:41:22
CCL,48,-0.4230769230769231,1604931254.0,13,0.6,1604905024.0,self.wallstreetbets,0,Solidnoworks,2020-11-09 07:57:04,2020-11-09 15:14:14
CCL,50,0.2857142857142857,1605116348.0,12,0.81,1604952514.0,self.wallstreetbets,0,hw71179,2020-11-09 21:08:34,2020-11-11 18:39:08
SPCE,13,0.2857142857142857,1605121359.0,16,0.83,1604886717.0,self.wallstreetbets,0,Bolkonsky999,2020-11-09 02:51:57,2020-11-11 20:02:39
SPCE,15,-0.1111111111111111,1605187782.0,29,0.88,1605106944.0,self.wallstreetbets,0,iWillAnnoyYouBadly,2020-11-11 16:02:24,2020-11-12 14:29:42
LULU,125,0.20634920634920634,1605189317.0,2612,0.99,1604760441.0,self.wallstreetbets,0,pdwp90,2020-11-07 15:47:21,2020-11-12 14:55:17
CCL,76,0.125,1605230774.0,62,0.77,1603128635.0,self.wallstreetbets,0,Birthmark_TV,2020-10-19 19:30:35,2020-11-13 02:26:14
CCL,70,0.3333333333333333,1605285220.0,29,0.82,1604132105.0,self.wallstreetbets,0,Visionary7,2020-10-31 09:15:05,2020-11-13 17:33:40
CCL,18,-0.25,1605296580.0,18,0.95,1605048897.0,self.wallstreetbets,0,Throwaway96pp,2020-11-10 23:54:57,2020-11-13 20:43:00
SPCE,25,0.21428571428571427,1605330692.0,23,0.88,1605309129.0,self.wallstreetbets,0,TheServe2017,2020-11-14 00:12:09,2020-11-14 06:11:32
CCL,105,0.16129032258064516,1605387268.0,53,0.95,1605005122.0,self.wallstreetbets,0,Jackismyson,2020-11-10 11:45:22,2020-11-14 21:54:28
CCL,21,0.5625,1605423280.0,205,0.99,1605373593.0,self.wallstreetbets,0,bigbear0083,2020-11-14 18:06:33,2020-11-15 07:54:40
SPCE,48,0.26666666666666666,1605533551.0,42,0.83,1605490749.0,self.wallstreetbets,0,TSLAQ_FTW,2020-11-16 02:39:09,2020-11-16 14:32:31
SPCE,24,-0.07692307692307693,1605541463.0,33,0.88,1605534826.0,self.wallstreetbets,0,UtahItalian,2020-11-16 14:53:46,2020-11-16 16:44:23
CCL,69,0.38461538461538464,1605570450.0,275,0.98,1605503704.0,self.wallstreetbets,0,pickbot,2020-11-16 06:15:04,2020-11-17 00:47:30
CCL,25,0.3333333333333333,1605821236.0,77,0.96,1605756665.0,self.wallstreetbets,0,smallstreetgains,2020-11-19 04:31:05,2020-11-19 22:27:16
CCL,36,0.1,1605827355.0,21,0.87,1605194915.0,self.wallstreetbets,0,denniseveryone,2020-11-12 16:28:35,2020-11-20 00:09:15
SPCE,9,0.1111111111111111,1605934874.0,11,0.92,1605808767.0,self.wallstreetbets,0,thunderdownunder11,2020-11-19 18:59:27,2020-11-21 06:01:14
SDC,15,0.2222222222222222,1605948020.0,19,0.81,1605911414.0,self.wallstreetbets,0,smallstreetgains,2020-11-20 23:30:14,2020-11-21 09:40:20
CCL,22,-0.4,1606115248.0,48,0.96,1606002276.0,self.wallstreetbets,0,smallstreetgains,2020-11-22 00:44:36,2020-11-23 08:07:28
SPCE,41,-0.0625,1606174274.0,23,0.83,1605837584.0,self.wallstreetbets,0,BeBetterthen,2020-11-20 02:59:44,2020-11-24 00:31:14
CCL,22,-0.2857142857142857,1606225771.0,11,0.79,1606087634.0,self.wallstreetbets,0,AllinEmperor,2020-11-23 00:27:14,2020-11-24 14:49:31
SPCE,6,0.2,1606276681.0,8,0.85,1606236924.0,self.wallstreetbets,0,BichonUnited,2020-11-24 17:55:24,2020-11-25 04:58:01
SPCE,28,0.2,1606325886.0,24,0.92,1606279978.0,self.wallstreetbets,0,iannoyubadly,2020-11-25 05:52:58,2020-11-25 18:38:06
CCL,225,0.25225225225225223,1606326334.0,346,0.97,1605828584.0,self.wallstreetbets,0,water_boat,2020-11-20 00:29:44,2020-11-25 18:45:34
SPCE,11,-0.2,1606378903.0,16,0.9,1606369150.0,self.wallstreetbets,0,tycoon10k,2020-11-26 06:39:10,2020-11-26 09:21:43
SPCE,13,-0.1111111111111111,1606432658.0,22,0.92,1605721815.0,self.wallstreetbets,0,NefariousnessDeep848,2020-11-18 18:50:15,2020-11-27 00:17:38
CCL,30,0.2222222222222222,1606448383.0,19,0.83,1606433861.0,self.wallstreetbets,0,Flat_asteroids,2020-11-27 00:37:41,2020-11-27 04:39:43
LULU,19,-0.2,1606484012.0,4,0.64,1603393621.0,self.wallstreetbets,0,adamus-victus,2020-10-22 21:07:01,2020-11-27 14:33:32
CCL,7,0.3333333333333333,1606496776.0,3,0.8,1606492896.0,self.wallstreetbets,0,Ballroo,2020-11-27 17:01:36,2020-11-27 18:06:16
CCL,24,0.125,1606638599.0,9,0.69,1606617845.0,self.wallstreetbets,0,OkTakeMyMoney,2020-11-29 03:44:05,2020-11-29 09:29:59
SPCE,12,0.4,1606687010.0,13,0.76,1606263657.0,self.wallstreetbets,0,p640,2020-11-25 01:20:57,2020-11-29 22:56:50
LULU,38,0.0625,1606707936.0,76,0.87,1606676731.0,self.wallstreetbets,0,wcamerons,2020-11-29 20:05:31,2020-11-30 04:45:36
LULU,44,0.7692307692307693,1606778672.0,14,0.75,1606669808.0,self.wallstreetbets,0,lukeh393,2020-11-29 18:10:08,2020-12-01 00:24:32
SPCE,15,0.16666666666666666,1606817757.0,63,0.93,1606800676.0,self.wallstreetbets,0,Lost_In_The_Sauce3,2020-12-01 06:31:16,2020-12-01 11:15:57
SPCE,46,0.6470588235294118,1606819732.0,36,0.94,1605199917.0,self.wallstreetbets,0,Macallan_Parlay,2020-11-12 17:51:57,2020-12-01 11:48:52
SPCE,84,-0.35714285714285715,1606863971.0,11,0.64,1606579239.0,self.wallstreetbets,0,dhsmatt2,2020-11-28 17:00:39,2020-12-02 00:06:11
SPCE,46,0.1,1606939766.0,61,0.93,1606850818.0,self.wallstreetbets,0,iannoyubadly,2020-12-01 20:26:58,2020-12-02 21:09:26
SPCE,8,0.25,1607048804.0,16,0.9,1606907038.0,self.wallstreetbets,0,fetchmeacupoftea,2020-12-02 12:03:58,2020-12-04 03:26:44
CCL,20,0.8,1607090493.0,1,0.56,1607011728.0,self.wallstreetbets,0,Poplarblvd,2020-12-03 17:08:48,2020-12-04 15:01:33
SPCE,43,0.1,1607168764.0,35,0.83,1607124740.0,self.wallstreetbets,0,Reaper0603,2020-12-05 00:32:20,2020-12-05 12:46:04
SPCE,41,0.1875,1607230894.0,16,0.69,1595611499.0,self.wallstreetbets,0,bohlah00,2020-07-24 19:24:59,2020-12-06 06:01:34
SPCE,158,0.047619047619047616,1607231293.0,114,0.86,1601341254.0,self.wallstreetbets,0,demon_preet,2020-09-29 03:00:54,2020-12-06 06:08:13
SPCE,7,0.2,1607231614.0,11,0.8,1606327352.0,self.wallstreetbets,0,iannoyubadly,2020-11-25 19:02:32,2020-12-06 06:13:34
LULU,43,-0.14285714285714285,1607345992.0,40,0.86,1607281041.0,self.wallstreetbets,0,0toHeroInvesting,2020-12-06 19:57:21,2020-12-07 13:59:52
CCL,22,0.4166666666666667,1607352133.0,18,0.85,1606923496.0,self.wallstreetbets,0,psytokine_storm,2020-12-02 16:38:16,2020-12-07 15:42:13
SPCE,84,0.23333333333333334,1607448869.0,68,0.96,1607387675.0,self.wallstreetbets,0,tycoon10k,2020-12-08 01:34:35,2020-12-08 18:34:29
LULU,25,0.5,1607453001.0,47,0.86,1607443753.0,self.wallstreetbets,0,Colonel_Cubical,2020-12-08 17:09:13,2020-12-08 19:43:21
SPCE,35,0.3333333333333333,1607462486.0,38,0.9,1602896846.0,self.wallstreetbets,0,wavygodtony,2020-10-17 03:07:26,2020-12-08 22:21:26
SPCE,18,0.25,1607508849.0,31,0.95,1607443710.0,self.wallstreetbets,0,SirCrashALot36,2020-12-08 17:08:30,2020-12-09 11:14:09
SPCE,72,0.2631578947368421,1607521182.0,94,0.91,1607476612.0,self.wallstreetbets,0,iAlwaysLearning,2020-12-09 02:16:52,2020-12-09 14:39:42
CCL,19,0.4444444444444444,1607568954.0,18,0.8,1607528678.0,self.wallstreetbets,0,NilsHenrik,2020-12-09 16:44:38,2020-12-10 03:55:54
LULU,57,0.18181818181818182,1607634832.0,69,0.89,1607606634.0,self.wallstreetbets,0,0toHeroInvesting,2020-12-10 14:23:54,2020-12-10 22:13:52
SPCE,33,0.375,1607676171.0,46,0.89,1607641845.0,self.wallstreetbets,0,Reaper0603,2020-12-11 00:10:45,2020-12-11 09:42:51
SPCE,40,0.375,1607740208.0,196,0.93,1606412531.0,self.wallstreetbets,0,spike142,2020-11-26 18:42:11,2020-12-12 03:30:08
SPCE,94,0.1875,1607875523.0,15,0.63,1607706157.0,self.wallstreetbets,0,the_hydrogenbond,2020-12-11 18:02:37,2020-12-13 17:05:23
SPCE,138,0.05555555555555555,1607882719.0,41,0.83,1607220443.0,self.wallstreetbets,1,iWillAnnoyYouBadly,2020-12-06 03:07:23,2020-12-13 19:05:19
SPCE,127,-0.02702702702702703,1607962019.0,70,0.8,1605465461.0,self.wallstreetbets,2,sisinana,2020-11-15 19:37:41,2020-12-14 17:06:59
SPCE,44,0.3125,1607971584.0,50,0.82,1607952335.0,self.wallstreetbets,0,GatsbyJay1,2020-12-14 14:25:35,2020-12-14 19:46:24
SPCE,23,-0.1111111111111111,1608007125.0,20,0.77,1607993106.0,self.wallstreetbets,0,starcraftanalogy,2020-12-15 01:45:06,2020-12-15 05:38:45
SPCE,253,0.16129032258064516,1608496350.0,1176,0.98,1607364044.0,self.wallstreetbets,0,shroomsAndWrstershir,2020-12-07 19:00:44,2020-12-20 21:32:30
CCL,294,0.37755102040816324,1608537670.0,747,0.95,1605426632.0,self.wallstreetbets,0,TreeHugChamp,2020-11-15 08:50:32,2020-12-21 09:01:10
SPCE,34,0.18181818181818182,1608580101.0,55,0.8,1607971087.0,self.wallstreetbets,1,the_hydrogenbond,2020-12-14 19:38:07,2020-12-21 20:48:21
SPCE,148,-0.02,1608582366.0,92,0.78,1608084342.0,self.wallstreetbets,0,abunchofsoandso,2020-12-16 03:05:42,2020-12-21 21:26:06
CCL,310,0.2,1608622322.0,705,0.94,1606756657.0,self.wallstreetbets,0,GushingGranny1,2020-11-30 18:17:37,2020-12-22 08:32:02
LULU,121,-0.013333333333333334,1608674489.0,411,0.96,1602006818.0,self.wallstreetbets,0,filterface,2020-10-06 19:53:38,2020-12-22 23:01:29
CCL,36,0.20833333333333334,1608966979.0,77,0.97,1608912109.0,self.wallstreetbets,0,swaggymedia,2020-12-25 17:01:49,2020-12-26 08:16:19
CCL,18,0.16666666666666666,1609020405.0,29,0.91,1607705935.0,self.wallstreetbets,0,1poundbookingfee,2020-12-11 17:58:55,2020-12-26 23:06:45
LULU,71,0.17391304347826086,1609219547.0,30,0.89,1599688750.0,self.wallstreetbets,0,imadummyoptionsyay,2020-09-09 23:59:10,2020-12-29 06:25:47
LULU,58,0.09523809523809523,1609232411.0,62,0.84,1609184890.0,self.wallstreetbets,0,bchamp227,2020-12-28 20:48:10,2020-12-29 10:00:11
LULU,22,0.2727272727272727,1609352085.0,115,0.94,1609335650.0,self.wallstreetbets,0,0toHeroInvesting,2020-12-30 14:40:50,2020-12-30 19:14:45
SPCE,45,0.21739130434782608,1609364807.0,63,0.76,1609179455.0,self.wallstreetbets,0,YesAllHobbits,2020-12-28 19:17:35,2020-12-30 22:46:47
LULU,92,0.3181818181818182,1609454083.0,125,0.97,1598974312.0,self.wallstreetbets,0,HGTV-Addict,2020-09-01 17:31:52,2020-12-31 23:34:43
CCL,93,0.32432432432432434,1609702663.0,294,0.93,1609628119.0,self.wallstreetbets,0,KYJELLYTIME69,2021-01-02 23:55:19,2021-01-03 20:37:43
SPCE,28,0.08333333333333333,1609863219.0,8,0.58,1609341534.0,self.wallstreetbets,0,BeBetterthen,2020-12-30 16:18:54,2021-01-05 17:13:39
CCL,208,0.34545454545454546,1609878322.0,2835,0.99,1609795161.0,self.wallstreetbets,0,freehouse_throwaway,2021-01-04 22:19:21,2021-01-05 21:25:22
LULU,64,0.25925925925925924,1609932083.0,288,0.96,1609859958.0,self.wallstreetbets,2,extremelyobservant,2021-01-05 16:19:18,2021-01-06 12:21:23
CCL,64,0.25925925925925924,1609932083.0,289,0.96,1609859958.0,self.wallstreetbets,2,extremelyobservant,2021-01-05 16:19:18,2021-01-06 12:21:23
SDC,64,0.25925925925925924,1609932083.0,291,0.96,1609859958.0,self.wallstreetbets,2,extremelyobservant,2021-01-05 16:19:18,2021-01-06 12:21:23
LULU,32,0.07692307692307693,1609949911.0,33,0.86,1609865074.0,self.wallstreetbets,0,OlyBomaye,2021-01-05 17:44:34,2021-01-06 17:18:31
LULU,86,0.45714285714285713,1610276961.0,23,0.67,1610177688.0,self.wallstreetbets,0,kingme805,2021-01-09 08:34:48,2021-01-10 12:09:21
CCL,65,0.2631578947368421,1610325996.0,35,0.75,1610142557.0,self.wallstreetbets,0,Mzluce21,2021-01-08 22:49:17,2021-01-11 01:46:36
